Service,Service_Tier,Opened_Date,Resolved_Date,State,Priority,Assignment_Group,Reassignment_Count,Reopened_Flag,Change_Related_Flag,Problem_ID,Channel
Customer Portal,Tier 1,2025-08-27 01:07:20,2025-08-30 01:07:20,Closed,P4,Service Desk,2,0,0,PRB1039,Phone
Customer Portal,Tier 1,2025-04-18 23:51:25,2025-04-23 03:51:25,Closed,P3,Web Team,4,0,0,PRB1098,Self Service
Inventory System,Tier 3,2025-12-03 17:50:37,2025-12-03 20:50:37,Closed,P4,Platform Eng,0,0,0,,Alert
Customer Portal,Tier 1,2025-06-08 17:14:54,2025-06-11 03:14:54,Closed,P4,Web Team,5,0,0,PRB1075,Email
Mobile App,Tier 2,2025-11-02 08:24:42,2025-11-04 07:24:42,Closed,P2,Network Sec,2,1,0,PRB1077,Alert
Customer Portal,Tier 1,2025-03-19 23:38:55,2025-03-21 06:38:55,Closed,P4,Service Desk,3,0,0,PRB1100,Phone
Customer Portal,Tier 1,2025-09-26 03:58:02,2025-09-27 03:58:02,Closed,P5,Service Desk,4,0,0,PRB1023,Phone
Mobile App,Tier 2,2025-10-19 23:40:51,2025-10-21 11:40:51,Closed,P2,Network Sec,2,0,0,PRB1027,Alert
Mobile App,Tier 2,2025-09-02 09:51:40,2025-09-02 15:51:40,Closed,P4,Network Sec,1,0,0,PRB1085,Alert
Customer Portal,Tier 1,2025-11-20 14:33:10,2025-11-25 08:33:10,Closed,P5,Web Team,6,0,0,PRB1074,Self Service
Customer Portal,Tier 1,2026-02-03 03:02:36,2026-02-06 13:02:36,Closed,P3,Service Desk,4,1,0,,Phone
Mobile App,Tier 2,2025-10-31 16:40:41,2025-11-01 23:40:41,Closed,P3,Network Sec,2,0,0,PRB1027,Alert
Customer Portal,Tier 1,2025-10-01 06:02:56,2025-10-02 15:02:56,Closed,P3,Web Team,4,1,0,PRB1030,Email
Payment Gateway,Tier 1,2025-12-24 11:39:52,2025-12-24 17:39:52,Closed,P2,Integration Ops,0,0,0,PRB1036,Alert
Inventory System,Tier 3,2025-06-24 09:47:48,2025-06-24 15:47:48,Closed,P4,Platform Eng,0,0,0,PRB1021,Alert
Customer Portal,Tier 1,2025-09-13 04:21:21,2025-09-16 19:21:21,Closed,P4,DBA Core,2,1,0,,Alert
Mobile App,Tier 2,2025-11-21 17:07:05,2025-11-23 09:07:05,Closed,P4,Network Sec,2,0,0,PRB1096,Alert
Payment Gateway,Tier 1,2025-09-15 02:39:40,2025-09-15 04:39:40,Closed,P2,Integration Ops,2,0,1,PRB1052,Alert
Customer Portal,Tier 1,2025-07-15 13:12:39,2025-07-16 22:12:39,Closed,P4,Web Team,6,1,0,PRB1090,Self Service
Customer Portal,Tier 1,2025-11-02 17:13:30,2025-11-06 23:13:30,Closed,P3,Web Team,4,1,0,PRB1017,Self Service
Payment Gateway,Tier 1,2025-09-07 15:49:18,2025-09-07 16:49:18,Closed,P2,Integration Ops,2,0,0,PRB1079,Alert
Inventory System,Tier 3,2025-09-27 17:04:55,2025-09-28 10:04:55,Closed,P4,Platform Eng,1,0,0,,Alert
Customer Portal,Tier 1,2025-11-22 22:20:27,2025-11-26 14:20:27,Closed,P3,Service Desk,4,0,0,PRB1017,Phone
Customer Portal,Tier 1,2025-08-05 07:46:29,2025-08-07 03:46:29,Closed,P3,Web Team,5,0,0,,Email
Customer Portal,Tier 1,2025-11-23 09:19:23,2025-11-27 17:19:23,Closed,P3,Web Team,4,0,0,PRB1011,Self Service
Customer Portal,Tier 1,2025-07-24 11:09:33,2025-07-26 06:09:33,Closed,P4,DBA Core,5,0,0,PRB1100,Alert
Customer Portal,Tier 1,2025-11-03 02:11:10,2025-11-04 18:11:10,Closed,P4,Web Team,4,0,0,PRB1074,Email
Mobile App,Tier 2,2026-01-26 19:25:53,2026-01-27 20:25:53,Closed,P2,Network Sec,3,0,0,PRB1089,Alert
Customer Portal,Tier 1,2025-08-04 12:28:56,2025-08-08 05:28:56,Closed,P4,DBA Core,6,1,0,PRB1078,Alert
Customer Portal,Tier 1,2025-06-12 23:32:03,2025-06-14 23:32:03,Closed,P4,Service Desk,4,0,0,PRB1088,Phone
Inventory System,Tier 3,2025-09-30 04:00:39,2025-09-30 09:00:39,Closed,P4,Platform Eng,0,0,0,PRB1050,Alert
Mobile App,Tier 2,2025-05-06 21:27:56,2025-05-08 16:27:56,Closed,P4,Network Sec,3,1,0,PRB1037,Alert
Payment Gateway,Tier 1,2025-12-22 01:54:45,2025-12-22 04:54:45,Closed,P1,Integration Ops,0,0,0,PRB1086,Alert
Customer Portal,Tier 1,2026-01-03 04:47:38,2026-01-05 16:47:38,Closed,P4,DBA Core,3,0,0,,Email
Mobile App,Tier 2,2026-03-03 01:39:05,2026-03-04 11:39:05,Closed,P3,Network Sec,3,0,0,,Alert
Mobile App,Tier 2,2026-01-13 04:38:30,2026-01-14 02:38:30,Closed,P3,Network Sec,3,0,0,PRB1048,Alert
Customer Portal,Tier 1,2025-04-06 06:21:03,2025-04-08 14:21:03,Closed,P4,Service Desk,3,0,0,PRB1024,Phone
Payment Gateway,Tier 1,2025-07-05 16:58:47,2025-07-05 18:58:47,Closed,P3,Integration Ops,2,0,0,PRB1079,Alert
Customer Portal,Tier 1,2026-03-05 14:31:16,2026-03-07 01:31:16,Closed,P3,Web Team,6,1,0,PRB1078,Self Service
Customer Portal,Tier 1,2025-08-09 05:34:25,2025-08-12 21:34:25,Closed,P4,Web Team,2,0,0,PRB1074,Self Service
Customer Portal,Tier 1,2025-11-24 10:04:21,2025-11-29 05:04:21,Closed,P5,Web Team,3,1,0,PRB1020,Email
Customer Portal,Tier 1,2026-02-02 18:30:40,2026-02-07 11:30:40,Closed,P3,Service Desk,4,0,0,PRB1084,Phone
Customer Portal,Tier 1,2025-06-24 09:23:02,2025-06-25 11:23:02,Closed,P4,Web Team,6,1,0,PRB1017,Self Service
Customer Portal,Tier 1,2025-06-17 06:58:02,2025-06-19 18:58:02,Closed,P3,DBA Core,6,0,0,PRB1023,Alert
Customer Portal,Tier 1,2025-11-03 18:00:39,2025-11-07 09:00:39,Closed,P3,Web Team,6,0,0,PRB1023,Self Service
Payment Gateway,Tier 1,2025-08-30 16:47:47,2025-08-30 21:47:47,Closed,P2,Integration Ops,2,0,1,PRB1022,Alert
Customer Portal,Tier 1,2025-08-04 01:04:14,2025-08-07 20:04:14,Closed,P4,DBA Core,5,1,0,PRB1017,Alert
Customer Portal,Tier 1,2025-04-02 21:46:12,2025-04-06 09:46:12,Closed,P4,DBA Core,6,0,0,PRB1071,Alert
Payment Gateway,Tier 1,2025-07-28 21:47:31,2025-07-28 23:47:31,Closed,P3,Integration Ops,1,0,0,PRB1036,Alert
Customer Portal,Tier 1,2025-04-03 05:14:18,2025-04-04 22:14:18,Closed,P4,Service Desk,6,0,0,PRB1065,Phone
Customer Portal,Tier 1,2025-09-18 20:14:01,2025-09-23 13:14:01,Closed,P4,DBA Core,3,0,0,PRB1083,Alert
Payment Gateway,Tier 1,2025-07-08 23:04:58,2025-07-09 00:04:58,Closed,P3,Integration Ops,0,0,0,PRB1052,Alert
Customer Portal,Tier 1,2026-01-27 16:08:07,2026-01-30 18:08:07,Closed,P4,Service Desk,4,0,0,PRB1090,Phone
Payment Gateway,Tier 1,2026-02-16 05:49:29,2026-02-16 06:49:29,Closed,P1,Integration Ops,2,0,1,PRB1036,Alert
Mobile App,Tier 2,2026-02-27 10:37:32,2026-02-28 18:37:32,Closed,P3,Network Sec,2,0,0,PRB1043,Alert
Reporting Engine,Tier 3,2025-09-26 05:15:14,2025-09-27 05:15:14,Closed,P4,Platform Eng,0,0,0,PRB1069,Alert
Customer Portal,Tier 1,2025-11-05 23:16:18,2025-11-09 06:16:18,Closed,P4,Web Team,2,0,0,PRB1017,Email
Inventory System,Tier 3,2025-04-17 02:17:46,2025-04-17 07:17:46,Closed,P4,Platform Eng,1,0,0,PRB1061,Alert
Customer Portal,Tier 1,2025-09-05 09:31:33,2025-09-10 01:31:33,Closed,P3,Web Team,6,0,0,PRB1030,Self Service
Customer Portal,Tier 1,2026-01-18 09:06:28,2026-01-22 18:06:28,Closed,P3,Web Team,6,0,0,PRB1045,Self Service
Inventory System,Tier 3,2026-01-22 02:45:20,2026-01-22 20:45:20,Closed,P4,Platform Eng,1,0,0,PRB1061,Alert
Mobile App,Tier 2,2026-01-14 10:21:19,2026-01-16 09:21:19,Closed,P2,Network Sec,1,1,0,PRB1063,Alert
Customer Portal,Tier 1,2025-11-06 23:53:33,2025-11-08 03:53:33,Closed,P3,Service Desk,4,0,0,PRB1098,Phone
Customer Portal,Tier 1,2025-05-09 11:24:41,2025-05-13 12:24:41,Closed,P4,Web Team,4,0,0,PRB1016,Email
Payment Gateway,Tier 1,2025-12-27 16:59:12,2025-12-27 17:59:12,Closed,P1,Integration Ops,2,0,1,PRB1014,Alert
Customer Portal,Tier 1,2025-09-06 07:34:00,2025-09-11 01:34:00,Closed,P4,DBA Core,2,0,0,PRB1044,Alert
Customer Portal,Tier 1,2025-09-08 13:20:35,2025-09-09 22:20:35,Closed,P4,DBA Core,5,1,0,PRB1024,Alert
Customer Portal,Tier 1,2025-10-13 13:24:12,2025-10-17 11:24:12,Closed,P4,Service Desk,4,0,0,PRB1016,Phone
Customer Portal,Tier 1,2025-05-03 03:10:48,2025-05-05 07:10:48,Closed,P3,Service Desk,3,0,0,PRB1090,Phone
Inventory System,Tier 3,2025-08-04 03:47:57,2025-08-04 05:47:57,Closed,P4,Platform Eng,0,0,0,PRB1070,Alert
Payment Gateway,Tier 1,2025-04-11 12:49:00,2025-04-11 14:49:00,Closed,P1,Integration Ops,2,0,1,,Alert
Customer Portal,Tier 1,2025-04-14 15:24:23,2025-04-18 16:24:23,Closed,P5,DBA Core,5,0,0,PRB1075,Alert
Customer Portal,Tier 1,2025-05-05 20:09:54,2025-05-08 16:09:54,Closed,P4,Service Desk,5,0,0,PRB1092,Phone
Inventory System,Tier 3,2026-03-05 16:27:12,2026-03-06 10:27:12,Closed,P4,Platform Eng,0,0,0,PRB1066,Alert
Inventory System,Tier 3,2025-05-18 21:38:29,2025-05-19 04:38:29,Closed,P4,Platform Eng,0,0,0,PRB1050,Alert
Customer Portal,Tier 1,2025-06-01 05:39:59,2025-06-03 13:39:59,Closed,P4,Web Team,6,0,0,PRB1017,Email
Payment Gateway,Tier 1,2025-09-28 04:19:16,2025-09-28 06:19:16,Closed,P2,Integration Ops,0,0,0,PRB1064,Alert
Payment Gateway,Tier 1,2026-02-07 04:56:55,2026-02-07 10:56:55,Closed,P2,Integration Ops,2,0,1,PRB1073,Alert
Inventory System,Tier 3,2025-11-21 02:46:55,2025-11-21 05:46:55,Closed,P4,Platform Eng,0,0,0,PRB1021,Alert
Mobile App,Tier 2,2025-11-20 03:49:46,2025-11-21 22:49:46,Closed,P3,Network Sec,1,0,0,PRB1046,Alert
Customer Portal,Tier 1,2025-06-20 02:25:39,2025-06-23 15:25:39,Closed,P4,DBA Core,4,0,0,PRB1060,Alert
Mobile App,Tier 2,2025-05-17 09:24:59,2025-05-17 16:24:59,Closed,P3,Network Sec,2,0,0,PRB1081,Alert
Customer Portal,Tier 1,2025-07-19 00:14:40,2025-07-23 19:14:40,Closed,P4,Service Desk,4,0,0,PRB1062,Phone
Mobile App,Tier 2,2025-10-21 02:58:07,2025-10-22 14:58:07,Closed,P4,Network Sec,2,1,0,PRB1042,Alert
Customer Portal,Tier 1,2025-04-05 15:40:31,2025-04-07 03:40:31,Closed,P3,Service Desk,4,0,0,PRB1029,Phone
Customer Portal,Tier 1,2025-10-27 08:26:00,2025-10-30 01:26:00,Closed,P4,DBA Core,5,1,0,PRB1030,Alert
Mobile App,Tier 2,2025-09-26 16:46:38,2025-09-28 01:46:38,Closed,P2,Network Sec,1,0,0,PRB1054,Alert
Reporting Engine,Tier 3,2025-09-29 07:05:01,2025-09-29 21:05:01,Closed,P4,Platform Eng,0,0,0,PRB1008,Alert
Customer Portal,Tier 1,2025-11-04 01:16:42,2025-11-07 16:16:42,Closed,P3,DBA Core,4,1,0,PRB1058,Alert
Reporting Engine,Tier 3,2026-02-09 00:13:07,2026-02-09 02:13:07,Closed,P4,Platform Eng,1,0,0,PRB1076,Alert
Customer Portal,Tier 1,2025-08-19 13:41:28,2025-08-20 18:41:28,Closed,P3,Web Team,4,0,0,PRB1068,Self Service
Customer Portal,Tier 1,2025-09-07 21:36:25,2025-09-11 13:36:25,Closed,P4,Web Team,6,0,0,PRB1071,Self Service
Mobile App,Tier 2,2025-04-23 13:08:12,2025-04-24 01:08:12,Closed,P3,Network Sec,3,0,0,PRB1013,Alert
Customer Portal,Tier 1,2025-11-05 23:21:42,2025-11-08 00:21:42,Closed,P4,Web Team,6,0,0,PRB1029,Email
Payment Gateway,Tier 1,2026-01-23 05:30:17,2026-01-23 11:30:17,Closed,P2,Integration Ops,0,0,1,PRB1079,Alert
Customer Portal,Tier 1,2025-05-19 02:37:43,2025-05-21 18:37:43,Closed,P4,DBA Core,6,1,0,,Alert
Customer Portal,Tier 1,2025-09-23 05:42:06,2025-09-27 01:42:06,Closed,P4,Web Team,6,0,0,PRB1090,Self Service
Mobile App,Tier 2,2025-08-25 18:26:12,2025-08-26 05:26:12,Closed,P3,Network Sec,1,0,0,PRB1077,Alert
Payment Gateway,Tier 1,2025-11-03 19:36:03,2025-11-03 20:36:03,Closed,P2,Integration Ops,2,0,0,PRB1073,Alert
Customer Portal,Tier 1,2025-09-19 14:06:26,2025-09-23 16:06:26,Closed,P5,DBA Core,6,1,0,PRB1011,Alert
Customer Portal,Tier 1,2025-10-25 08:44:30,2025-10-26 12:44:30,Closed,P4,DBA Core,5,1,0,PRB1041,Alert
Inventory System,Tier 3,2025-07-16 19:49:33,2025-07-17 11:49:33,Closed,P4,Platform Eng,0,0,0,PRB1007,Alert
Customer Portal,Tier 1,2026-02-18 23:15:02,2026-02-22 11:15:02,Closed,P4,Service Desk,5,0,0,,Phone
Mobile App,Tier 2,2025-07-21 05:40:52,2025-07-22 20:40:52,Closed,P4,Network Sec,3,1,0,PRB1025,Alert
Reporting Engine,Tier 3,2025-09-11 12:22:28,2025-09-11 19:22:28,Closed,P4,Platform Eng,1,0,0,PRB1056,Alert
Reporting Engine,Tier 3,2025-11-21 20:04:31,2025-11-22 19:04:31,Closed,P4,Platform Eng,1,0,0,,Alert
Mobile App,Tier 2,2025-10-19 17:44:40,2025-10-20 14:44:40,Closed,P3,Network Sec,2,0,0,PRB1027,Alert
Customer Portal,Tier 1,2025-09-19 08:05:31,2025-09-22 00:05:31,Closed,P5,Web Team,4,0,0,PRB1088,Email
Customer Portal,Tier 1,2025-10-13 22:54:21,2025-10-18 12:54:21,Closed,P5,DBA Core,4,0,0,PRB1098,Alert
Customer Portal,Tier 1,2025-04-16 16:36:27,2025-04-21 11:36:27,Closed,P5,Web Team,3,0,0,PRB1058,Self Service
Customer Portal,Tier 1,2025-10-21 06:23:15,2025-10-23 16:23:15,Closed,P4,Web Team,5,1,0,PRB1093,Email
Mobile App,Tier 2,2025-04-05 17:10:05,2025-04-06 12:10:05,Closed,P2,Network Sec,3,0,0,PRB1027,Alert
Mobile App,Tier 2,2025-07-23 06:33:34,2025-07-24 12:33:34,Closed,P3,Network Sec,3,0,0,PRB1013,Alert
Mobile App,Tier 2,2025-08-22 00:39:08,2025-08-22 14:39:08,Closed,P2,Network Sec,1,1,0,PRB1055,Alert
Mobile App,Tier 2,2025-07-19 17:29:59,2025-07-20 15:29:59,Closed,P4,Network Sec,2,0,0,PRB1025,Alert
Customer Portal,Tier 1,2025-08-26 06:58:13,2025-08-28 04:58:13,Closed,P3,Service Desk,6,1,0,PRB1006,Phone
Inventory System,Tier 3,2025-05-28 08:33:00,2025-05-29 01:33:00,Closed,P4,Platform Eng,0,0,0,PRB1066,Alert
Reporting Engine,Tier 3,2025-10-23 13:47:17,2025-10-24 00:47:17,Closed,P4,Platform Eng,0,0,0,PRB1005,Alert
Payment Gateway,Tier 1,2026-02-25 08:30:12,2026-02-25 16:30:12,Closed,P3,Integration Ops,1,0,1,PRB1073,Alert
Reporting Engine,Tier 3,2025-07-23 10:11:57,2025-07-23 15:11:57,Closed,P4,Platform Eng,1,0,0,PRB1015,Alert
Customer Portal,Tier 1,2025-10-23 12:06:16,2025-10-26 01:06:16,Closed,P4,Web Team,3,1,0,PRB1065,Self Service
Mobile App,Tier 2,2026-02-01 04:06:13,2026-02-02 09:06:13,Closed,P2,Network Sec,3,0,0,PRB1096,Alert
Customer Portal,Tier 1,2025-07-20 16:11:10,2025-07-24 05:11:10,Closed,P4,Web Team,2,1,0,PRB1024,Email
Inventory System,Tier 3,2025-09-06 11:52:36,2025-09-06 20:52:36,Closed,P4,Platform Eng,1,0,0,PRB1066,Alert
Mobile App,Tier 2,2025-06-26 13:51:07,2025-06-26 17:51:07,Closed,P4,Network Sec,2,0,0,PRB1057,Alert
Mobile App,Tier 2,2025-05-18 00:40:07,2025-05-18 23:40:07,Closed,P3,Network Sec,1,0,0,PRB1048,Alert
Customer Portal,Tier 1,2025-08-06 17:45:26,2025-08-09 06:45:26,Closed,P4,DBA Core,4,0,0,,Alert
Payment Gateway,Tier 1,2025-08-25 11:57:43,2025-08-25 17:57:43,Closed,P1,Integration Ops,0,0,1,PRB1052,Alert
Mobile App,Tier 2,2026-01-06 21:02:46,2026-01-07 14:02:46,Closed,P4,Network Sec,3,0,0,PRB1094,Alert
Customer Portal,Tier 1,2026-03-08 05:20:25,2026-03-09 14:20:25,Closed,P4,Service Desk,6,0,0,PRB1068,Phone
Payment Gateway,Tier 1,2025-05-19 21:35:50,2025-05-20 00:35:50,Closed,P1,Integration Ops,2,0,0,PRB1026,Alert
Customer Portal,Tier 1,2026-03-01 02:15:21,2026-03-02 13:15:21,Closed,P4,Service Desk,3,0,0,PRB1088,Phone
Payment Gateway,Tier 1,2025-10-22 00:01:59,2025-10-22 08:01:59,Closed,P3,Integration Ops,1,0,1,PRB1047,Alert
Customer Portal,Tier 1,2025-06-09 14:59:14,2025-06-14 13:59:14,Closed,P4,Web Team,2,0,0,PRB1002,Self Service
Payment Gateway,Tier 1,2026-02-27 06:43:12,2026-02-27 07:43:12,Closed,P1,Integration Ops,1,0,0,PRB1053,Alert
Customer Portal,Tier 1,2025-12-25 05:28:14,2025-12-29 15:28:14,Closed,P5,Service Desk,4,0,0,PRB1024,Phone
Payment Gateway,Tier 1,2025-08-09 21:16:12,2025-08-10 04:16:12,Closed,P2,Integration Ops,1,0,1,,Alert
Customer Portal,Tier 1,2025-05-25 07:29:41,2025-05-26 22:29:41,Closed,P5,DBA Core,3,0,0,PRB1067,Alert
Reporting Engine,Tier 3,2026-02-04 05:06:05,2026-02-04 14:06:05,Closed,P4,Platform Eng,0,0,0,,Alert
Customer Portal,Tier 1,2025-10-09 13:58:50,2025-10-12 19:58:50,Closed,P3,Web Team,5,0,0,PRB1093,Email
Customer Portal,Tier 1,2026-01-08 06:52:59,2026-01-13 02:52:59,Closed,P3,Web Team,4,1,0,PRB1038,Self Service
Customer Portal,Tier 1,2025-06-05 00:49:11,2025-06-07 06:49:11,Closed,P4,Web Team,6,0,0,PRB1003,Email
Customer Portal,Tier 1,2025-12-29 14:20:35,2025-12-31 21:20:35,Closed,P4,Web Team,6,0,0,PRB1011,Self Service
Customer Portal,Tier 1,2025-09-28 16:38:58,2025-09-30 09:38:58,Closed,P4,DBA Core,3,0,0,PRB1011,Alert
Inventory System,Tier 3,2026-01-11 00:34:40,2026-01-11 21:34:40,Closed,P4,Platform Eng,1,0,0,,Alert
Mobile App,Tier 2,2025-06-10 20:16:03,2025-06-12 09:16:03,Closed,P3,Network Sec,2,0,0,PRB1077,Alert
Customer Portal,Tier 1,2025-12-05 14:24:34,2025-12-09 22:24:34,Closed,P3,DBA Core,6,0,0,PRB1035,Alert
Customer Portal,Tier 1,2025-08-25 16:25:36,2025-08-30 09:25:36,Closed,P4,Web Team,5,0,0,PRB1062,Self Service
Customer Portal,Tier 1,2026-02-13 00:51:49,2026-02-15 14:51:49,Closed,P3,Service Desk,6,0,0,PRB1040,Phone
Mobile App,Tier 2,2025-10-19 10:17:20,2025-10-20 16:17:20,Closed,P4,Network Sec,1,0,0,,Alert
Payment Gateway,Tier 1,2026-03-10 03:46:13,2026-03-10 05:46:13,Closed,P1,Integration Ops,1,0,1,PRB1073,Alert
Customer Portal,Tier 1,2025-11-06 22:43:26,2025-11-11 12:43:26,Closed,P4,DBA Core,3,1,0,PRB1071,Alert
Payment Gateway,Tier 1,2025-09-19 04:16:40,2025-09-19 08:16:40,Closed,P3,Integration Ops,0,0,0,PRB1064,Alert
Customer Portal,Tier 1,2025-05-01 13:27:58,2025-05-06 11:27:58,Closed,P5,Web Team,2,1,0,PRB1038,Self Service
Mobile App,Tier 2,2025-08-18 00:52:43,2025-08-18 17:52:43,Closed,P4,Network Sec,1,0,0,PRB1081,Alert
Reporting Engine,Tier 3,2025-10-10 05:58:46,2025-10-10 21:58:46,Closed,P4,Platform Eng,1,0,0,PRB1059,Alert
Payment Gateway,Tier 1,2025-04-24 07:05:43,2025-04-24 15:05:43,Closed,P1,Integration Ops,1,0,1,PRB1052,Alert
Mobile App,Tier 2,2025-08-24 18:06:31,2025-08-25 18:06:31,Closed,P4,Network Sec,2,0,0,PRB1042,Alert
Customer Portal,Tier 1,2025-10-27 22:00:11,2025-11-01 00:00:11,Closed,P4,DBA Core,3,1,0,PRB1097,Alert
Mobile App,Tier 2,2026-02-03 15:30:12,2026-02-05 07:30:12,Closed,P3,Network Sec,1,0,0,PRB1043,Alert
Customer Portal,Tier 1,2025-11-21 05:01:32,2025-11-26 01:01:32,Closed,P4,DBA Core,4,0,0,PRB1088,Alert
Mobile App,Tier 2,2025-12-21 17:48:31,2025-12-22 05:48:31,Closed,P3,Network Sec,3,0,0,PRB1019,Alert
Payment Gateway,Tier 1,2026-02-05 20:41:06,2026-02-05 21:41:06,Closed,P1,Integration Ops,2,0,0,PRB1004,Alert
Mobile App,Tier 2,2025-05-09 09:30:50,2025-05-10 15:30:50,Closed,P4,Network Sec,3,1,0,PRB1001,Alert
Mobile App,Tier 2,2025-09-10 02:19:05,2025-09-11 14:19:05,Closed,P3,Network Sec,3,0,0,PRB1025,Alert
Customer Portal,Tier 1,2025-03-19 13:37:53,2025-03-20 15:37:53,Closed,P4,DBA Core,6,0,0,PRB1088,Alert
Payment Gateway,Tier 1,2025-03-23 15:46:50,2025-03-23 20:46:50,Closed,P2,Integration Ops,0,0,1,PRB1032,Alert
Payment Gateway,Tier 1,2025-04-27 13:27:55,2025-04-27 16:27:55,Closed,P2,Integration Ops,1,0,0,,Alert
Inventory System,Tier 3,2025-10-07 10:55:31,2025-10-08 07:55:31,Closed,P4,Platform Eng,0,0,0,PRB1031,Alert
Customer Portal,Tier 1,2025-10-22 10:12:07,2025-10-25 20:12:07,Closed,P4,Web Team,2,0,0,PRB1074,Self Service
Customer Portal,Tier 1,2025-04-22 07:29:16,2025-04-23 11:29:16,Closed,P4,Web Team,2,0,0,,Email
Customer Portal,Tier 1,2025-09-27 03:01:04,2025-09-28 13:01:04,Closed,P4,Web Team,2,0,0,PRB1030,Self Service
Mobile App,Tier 2,2026-02-27 12:03:30,2026-02-27 22:03:30,Closed,P3,Network Sec,2,0,0,PRB1095,Alert
Payment Gateway,Tier 1,2025-06-30 06:47:20,2025-06-30 14:47:20,Closed,P1,Integration Ops,0,0,0,PRB1079,Alert
Customer Portal,Tier 1,2026-02-10 06:33:35,2026-02-12 04:33:35,Closed,P3,Web Team,6,0,0,PRB1006,Self Service
Customer Portal,Tier 1,2025-07-11 05:27:46,2025-07-12 14:27:46,Closed,P5,DBA Core,3,0,0,PRB1074,Alert
Customer Portal,Tier 1,2025-12-23 05:41:37,2025-12-27 21:41:37,Closed,P3,Web Team,6,0,0,PRB1024,Email
Customer Portal,Tier 1,2025-07-27 06:33:16,2025-07-28 15:33:16,Closed,P4,Web Team,2,1,0,PRB1040,Self Service
Payment Gateway,Tier 1,2025-03-28 12:07:52,2025-03-28 18:07:52,Closed,P2,Integration Ops,2,0,1,PRB1086,Alert
Payment Gateway,Tier 1,2025-08-31 17:06:52,2025-09-01 00:06:52,Closed,P2,Integration Ops,1,0,1,PRB1036,Alert
Customer Portal,Tier 1,2025-12-18 22:39:11,2025-12-21 05:39:11,Closed,P4,Web Team,2,0,0,PRB1058,Email
Customer Portal,Tier 1,2025-04-27 09:07:35,2025-04-30 07:07:35,Closed,P3,Web Team,3,0,0,PRB1062,Self Service
Customer Portal,Tier 1,2025-04-19 21:40:09,2025-04-21 13:40:09,Closed,P5,Web Team,4,0,0,PRB1020,Email
Customer Portal,Tier 1,2025-08-01 10:43:12,2025-08-02 21:43:12,Closed,P4,DBA Core,6,0,0,PRB1003,Alert
Payment Gateway,Tier 1,2025-08-24 16:59:21,2025-08-24 21:59:21,Closed,P2,Integration Ops,1,0,0,PRB1004,Alert
Customer Portal,Tier 1,2025-08-11 20:40:46,2025-08-16 11:40:46,Closed,P3,DBA Core,3,0,0,PRB1030,Alert
Customer Portal,Tier 1,2025-07-02 04:09:03,2025-07-05 11:09:03,Closed,P3,Web Team,5,1,0,PRB1030,Self Service
Customer Portal,Tier 1,2025-11-14 17:44:10,2025-11-19 13:44:10,Closed,P4,Service Desk,4,0,0,PRB1041,Phone
Customer Portal,Tier 1,2025-07-24 00:29:19,2025-07-27 02:29:19,Closed,P4,Web Team,2,1,0,PRB1002,Email
Mobile App,Tier 2,2025-11-02 20:08:36,2025-11-04 17:08:36,Closed,P3,Network Sec,2,0,0,PRB1046,Alert
Customer Portal,Tier 1,2025-07-18 22:34:43,2025-07-22 00:34:43,Closed,P4,DBA Core,3,0,0,PRB1035,Alert
Customer Portal,Tier 1,2025-07-03 20:35:12,2025-07-06 20:35:12,Closed,P4,Web Team,6,0,0,PRB1062,Self Service
Mobile App,Tier 2,2025-10-14 21:37:54,2025-10-16 14:37:54,Closed,P3,Network Sec,1,0,0,PRB1025,Alert
Customer Portal,Tier 1,2026-01-20 18:58:04,2026-01-24 02:58:04,Closed,P4,Service Desk,5,0,0,PRB1039,Phone
Customer Portal,Tier 1,2025-06-23 03:09:50,2025-06-25 09:09:50,Closed,P4,Web Team,5,1,0,PRB1060,Email
Mobile App,Tier 2,2025-10-29 02:54:27,2025-10-30 12:54:27,Closed,P4,Network Sec,2,1,0,PRB1063,Alert
Customer Portal,Tier 1,2026-02-27 18:40:44,2026-03-04 11:40:44,Closed,P4,DBA Core,5,0,0,PRB1068,Alert
Mobile App,Tier 2,2025-11-30 03:23:45,2025-12-02 01:23:45,Closed,P3,Network Sec,1,1,0,PRB1027,Alert
Customer Portal,Tier 1,2026-01-03 07:30:43,2026-01-06 10:30:43,Closed,P4,Service Desk,6,0,0,,Phone
Customer Portal,Tier 1,2026-01-01 01:10:29,2026-01-04 18:10:29,Closed,P4,Service Desk,2,1,0,PRB1040,Phone
Payment Gateway,Tier 1,2025-09-12 20:03:42,2025-09-13 03:03:42,Closed,P2,Integration Ops,2,0,1,PRB1036,Alert
Mobile App,Tier 2,2025-04-26 14:28:14,2025-04-28 00:28:14,Closed,P3,Network Sec,3,0,0,PRB1001,Alert
Customer Portal,Tier 1,2025-07-16 03:01:43,2025-07-18 23:01:43,Closed,P5,Service Desk,2,0,0,PRB1029,Phone
Customer Portal,Tier 1,2025-12-22 09:28:16,2025-12-25 17:28:16,Closed,P4,DBA Core,5,0,0,PRB1020,Alert
Mobile App,Tier 2,2025-03-25 18:30:30,2025-03-26 05:30:30,Closed,P3,Network Sec,2,1,0,PRB1081,Alert
Mobile App,Tier 2,2025-10-03 09:24:42,2025-10-04 04:24:42,Closed,P3,Network Sec,3,0,0,,Alert
Customer Portal,Tier 1,2025-11-16 13:47:29,2025-11-19 16:47:29,Closed,P3,DBA Core,5,0,0,PRB1040,Alert
Customer Portal,Tier 1,2025-09-07 14:20:34,2025-09-09 15:20:34,Closed,P4,Web Team,5,1,0,,Self Service
Payment Gateway,Tier 1,2025-10-27 05:16:21,2025-10-27 07:16:21,Closed,P1,Integration Ops,2,0,1,PRB1032,Alert
Customer Portal,Tier 1,2025-06-26 21:18:39,2025-06-28 11:18:39,Closed,P4,Service Desk,4,0,0,PRB1083,Phone
Mobile App,Tier 2,2025-08-16 10:46:31,2025-08-18 05:46:31,Closed,P3,Network Sec,3,0,0,PRB1043,Alert
Payment Gateway,Tier 1,2026-03-08 18:44:32,2026-03-08 23:44:32,Closed,P1,Integration Ops,1,0,0,PRB1091,Alert
Payment Gateway,Tier 1,2025-05-01 10:02:34,2025-05-01 15:02:34,Closed,P1,Integration Ops,0,0,1,PRB1026,Alert
Customer Portal,Tier 1,2025-08-13 00:26:09,2025-08-17 01:26:09,Closed,P4,DBA Core,5,0,0,PRB1024,Alert
Customer Portal,Tier 1,2025-05-10 11:39:30,2025-05-12 23:39:30,Closed,P4,DBA Core,3,0,0,PRB1088,Alert
Customer Portal,Tier 1,2025-05-09 00:35:44,2025-05-12 14:35:44,Closed,P4,DBA Core,2,0,0,PRB1002,Alert
Customer Portal,Tier 1,2025-09-23 23:13:02,2025-09-28 14:13:02,Closed,P4,DBA Core,6,0,0,PRB1075,Alert
Customer Portal,Tier 1,2025-07-08 10:28:31,2025-07-10 14:28:31,Closed,P4,Web Team,3,1,0,PRB1003,Email
Customer Portal,Tier 1,2026-01-11 00:39:57,2026-01-15 23:39:57,Closed,P3,Web Team,3,0,0,PRB1098,Self Service
Mobile App,Tier 2,2026-01-30 17:33:06,2026-02-01 07:33:06,Closed,P3,Network Sec,1,0,0,PRB1033,Alert
Inventory System,Tier 3,2025-08-29 02:43:44,2025-08-29 10:43:44,Closed,P4,Platform Eng,1,0,0,,Alert
Customer Portal,Tier 1,2025-06-27 01:36:55,2025-06-30 10:36:55,Closed,P4,Service Desk,4,0,0,PRB1006,Phone
Customer Portal,Tier 1,2026-01-25 20:17:49,2026-01-27 22:17:49,Closed,P4,Web Team,2,0,0,PRB1041,Email
Mobile App,Tier 2,2025-11-11 06:56:43,2025-11-11 20:56:43,Closed,P3,Network Sec,3,0,0,PRB1046,Alert
Customer Portal,Tier 1,2025-11-03 19:07:00,2025-11-06 06:07:00,Closed,P3,Service Desk,2,0,0,PRB1093,Phone
Payment Gateway,Tier 1,2026-02-13 05:17:47,2026-02-13 10:17:47,Closed,P1,Integration Ops,2,0,1,PRB1064,Alert
Payment Gateway,Tier 1,2026-03-08 19:32:42,2026-03-09 02:32:42,Closed,P3,Integration Ops,0,0,1,PRB1086,Alert
Customer Portal,Tier 1,2025-05-12 19:05:15,2025-05-15 02:05:15,Closed,P3,DBA Core,3,0,0,PRB1024,Alert
Mobile App,Tier 2,2025-11-17 14:24:49,2025-11-19 06:24:49,Closed,P4,Network Sec,3,0,0,PRB1018,Alert
Customer Portal,Tier 1,2025-10-03 05:51:57,2025-10-06 08:51:57,Closed,P4,Web Team,2,0,0,PRB1017,Self Service
Mobile App,Tier 2,2025-10-29 00:13:07,2025-10-30 00:13:07,Closed,P3,Network Sec,2,0,0,PRB1049,Alert
Customer Portal,Tier 1,2025-11-29 22:16:08,2025-12-04 07:16:08,Closed,P4,DBA Core,2,0,0,PRB1083,Alert
Mobile App,Tier 2,2026-01-31 08:08:14,2026-02-01 15:08:14,Closed,P4,Network Sec,3,0,0,,Alert
Customer Portal,Tier 1,2026-02-11 01:09:15,2026-02-15 01:09:15,Closed,P3,Web Team,4,0,0,PRB1024,Email
Customer Portal,Tier 1,2025-03-23 07:45:11,2025-03-26 17:45:11,Closed,P4,DBA Core,2,1,0,,Alert
Customer Portal,Tier 1,2025-12-09 10:08:29,2025-12-11 11:08:29,Closed,P4,Web Team,5,1,0,PRB1078,Self Service
Reporting Engine,Tier 3,2025-11-26 05:12:07,2025-11-26 09:12:07,Closed,P4,Platform Eng,0,0,0,PRB1051,Alert
Customer Portal,Tier 1,2025-12-23 22:42:07,2025-12-26 13:42:07,Closed,P3,DBA Core,3,1,0,,Alert
Mobile App,Tier 2,2025-06-07 21:13:46,2025-06-08 01:13:46,Closed,P3,Network Sec,3,1,0,PRB1013,Alert
Customer Portal,Tier 1,2025-12-12 03:26:05,2025-12-13 04:26:05,Closed,P3,Service Desk,6,0,0,PRB1002,Phone
Customer Portal,Tier 1,2025-04-20 16:37:33,2025-04-23 17:37:33,Closed,P3,Web Team,3,0,0,PRB1040,Email
Mobile App,Tier 2,2025-08-12 15:13:07,2025-08-13 03:13:07,Closed,P2,Network Sec,2,0,0,PRB1034,Alert
Mobile App,Tier 2,2025-04-12 13:38:32,2025-04-13 02:38:32,Closed,P4,Network Sec,1,0,0,PRB1077,Alert
Payment Gateway,Tier 1,2025-11-15 22:07:48,2025-11-16 02:07:48,Closed,P1,Integration Ops,2,0,1,PRB1036,Alert
Mobile App,Tier 2,2025-04-19 15:59:27,2025-04-20 08:59:27,Closed,P4,Network Sec,3,0,0,PRB1095,Alert
Inventory System,Tier 3,2025-07-31 12:32:58,2025-08-01 02:32:58,Closed,P4,Platform Eng,0,0,0,,Alert
Reporting Engine,Tier 3,2025-11-22 08:17:57,2025-11-22 18:17:57,Closed,P4,Platform Eng,0,0,0,PRB1015,Alert
Customer Portal,Tier 1,2026-02-20 03:18:03,2026-02-24 15:18:03,Closed,P4,DBA Core,6,0,0,PRB1003,Alert
Customer Portal,Tier 1,2025-04-07 04:37:16,2025-04-11 14:37:16,Closed,P4,DBA Core,3,0,0,PRB1058,Alert
Mobile App,Tier 2,2025-09-27 00:26:48,2025-09-27 19:26:48,Closed,P4,Network Sec,1,0,0,PRB1013,Alert
Payment Gateway,Tier 1,2025-05-07 06:10:10,2025-05-07 12:10:10,Closed,P1,Integration Ops,0,0,0,,Alert
Customer Portal,Tier 1,2026-01-10 04:20:28,2026-01-13 16:20:28,Closed,P4,Web Team,4,0,0,PRB1035,Self Service
Customer Portal,Tier 1,2025-09-29 17:57:11,2025-10-02 19:57:11,Closed,P4,Service Desk,4,1,0,PRB1011,Phone
Customer Portal,Tier 1,2025-10-11 09:08:47,2025-10-15 18:08:47,Closed,P4,Web Team,5,0,0,PRB1017,Email
Payment Gateway,Tier 1,2026-01-24 19:39:57,2026-01-24 23:39:57,Closed,P1,Integration Ops,0,0,1,PRB1053,Alert
Customer Portal,Tier 1,2026-02-08 17:39:16,2026-02-13 14:39:16,Closed,P4,DBA Core,2,0,0,PRB1078,Alert
Customer Portal,Tier 1,2025-07-15 02:47:32,2025-07-16 09:47:32,Closed,P3,Web Team,2,0,0,PRB1100,Self Service
Mobile App,Tier 2,2025-12-14 10:27:01,2025-12-14 22:27:01,Closed,P3,Network Sec,1,1,0,PRB1081,Alert
Customer Portal,Tier 1,2025-08-08 10:04:27,2025-08-10 07:04:27,Closed,P4,Web Team,6,0,0,PRB1044,Email
Customer Portal,Tier 1,2026-01-24 10:47:25,2026-01-27 04:47:25,Closed,P4,Web Team,2,0,0,PRB1003,Self Service
Customer Portal,Tier 1,2025-10-01 08:49:55,2025-10-04 18:49:55,Closed,P4,Web Team,6,0,0,PRB1088,Email
Customer Portal,Tier 1,2026-02-27 07:11:08,2026-02-28 20:11:08,Closed,P4,DBA Core,3,0,0,PRB1044,Alert
Payment Gateway,Tier 1,2026-02-13 11:33:41,2026-02-13 12:33:41,Closed,P2,Integration Ops,0,0,0,PRB1004,Alert
Inventory System,Tier 3,2025-08-12 17:37:38,2025-08-13 06:37:38,Closed,P4,Platform Eng,0,0,0,PRB1070,Alert
Inventory System,Tier 3,2025-12-29 15:30:21,2025-12-30 15:30:21,Closed,P4,Platform Eng,0,0,0,,Alert
Mobile App,Tier 2,2025-06-30 08:18:26,2025-07-01 08:18:26,Closed,P3,Network Sec,1,0,0,PRB1085,Alert
Mobile App,Tier 2,2025-05-25 15:36:37,2025-05-25 22:36:37,Closed,P3,Network Sec,1,0,0,PRB1096,Alert
Customer Portal,Tier 1,2026-01-11 09:47:55,2026-01-13 21:47:55,Closed,P4,Service Desk,5,1,0,PRB1083,Phone
Mobile App,Tier 2,2025-07-08 05:51:47,2025-07-08 21:51:47,Closed,P3,Network Sec,3,0,0,PRB1042,Alert
Payment Gateway,Tier 1,2026-01-11 01:16:39,2026-01-11 09:16:39,Closed,P1,Integration Ops,2,0,1,PRB1036,Alert
Mobile App,Tier 2,2025-03-19 11:26:46,2025-03-20 00:26:46,Closed,P4,Network Sec,3,0,0,PRB1027,Alert
Inventory System,Tier 3,2025-11-18 23:24:27,2025-11-19 12:24:27,Closed,P4,Platform Eng,0,0,0,,Alert
Mobile App,Tier 2,2026-02-09 17:18:33,2026-02-10 21:18:33,Closed,P4,Network Sec,2,1,0,PRB1077,Alert
Mobile App,Tier 2,2025-09-24 02:02:29,2025-09-25 08:02:29,Closed,P3,Network Sec,1,0,0,PRB1027,Alert
Inventory System,Tier 3,2026-03-09 18:53:59,2026-03-09 21:53:59,Closed,P4,Platform Eng,1,0,0,PRB1021,Alert
Customer Portal,Tier 1,2025-04-23 02:50:32,2025-04-27 04:50:32,Closed,P4,Web Team,4,0,0,PRB1017,Self Service
Payment Gateway,Tier 1,2025-09-01 22:20:03,2025-09-01 23:20:03,Closed,P2,Integration Ops,1,0,1,PRB1064,Alert
Mobile App,Tier 2,2025-12-14 03:14:09,2025-12-15 08:14:09,Closed,P2,Network Sec,2,0,0,PRB1037,Alert
Mobile App,Tier 2,2025-05-08 20:39:15,2025-05-09 12:39:15,Closed,P3,Network Sec,2,0,0,PRB1012,Alert
Mobile App,Tier 2,2025-07-16 23:00:08,2025-07-18 08:00:08,Closed,P3,Network Sec,1,1,0,PRB1048,Alert
Customer Portal,Tier 1,2025-04-21 02:47:01,2025-04-22 17:47:01,Closed,P4,Service Desk,5,0,0,PRB1044,Phone
Customer Portal,Tier 1,2025-04-21 10:09:57,2025-04-23 04:09:57,Closed,P4,DBA Core,6,1,0,PRB1062,Alert
Mobile App,Tier 2,2025-06-26 00:55:48,2025-06-26 23:55:48,Closed,P4,Network Sec,2,0,0,PRB1077,Alert
Mobile App,Tier 2,2025-06-22 00:47:43,2025-06-23 15:47:43,Closed,P2,Network Sec,2,0,0,PRB1055,Alert
Customer Portal,Tier 1,2025-06-01 22:44:01,2025-06-03 14:44:01,Closed,P3,Service Desk,2,1,0,PRB1040,Phone
Mobile App,Tier 2,2025-10-30 15:01:21,2025-11-01 08:01:21,Closed,P3,Network Sec,3,0,0,PRB1012,Alert
Customer Portal,Tier 1,2026-01-25 07:12:37,2026-01-28 15:12:37,Closed,P4,Service Desk,2,1,0,,Phone
Customer Portal,Tier 1,2025-05-21 05:46:22,2025-05-22 11:46:22,Closed,P5,Web Team,2,1,0,PRB1083,Email
Reporting Engine,Tier 3,2025-08-12 15:17:48,2025-08-12 17:17:48,Closed,P4,Platform Eng,1,0,0,PRB1069,Alert
Mobile App,Tier 2,2025-09-06 05:07:40,2025-09-07 02:07:40,Closed,P2,Network Sec,1,0,0,PRB1033,Alert
Inventory System,Tier 3,2025-09-26 18:00:24,2025-09-27 05:00:24,Closed,P4,Platform Eng,0,0,0,,Alert
Customer Portal,Tier 1,2025-06-02 11:04:53,2025-06-05 16:04:53,Closed,P4,Service Desk,2,0,0,PRB1024,Phone
Payment Gateway,Tier 1,2025-08-12 13:08:25,2025-08-12 14:08:25,Closed,P2,Integration Ops,0,0,0,PRB1086,Alert
Mobile App,Tier 2,2025-09-28 02:38:40,2025-09-29 18:38:40,Closed,P3,Network Sec,3,0,0,PRB1042,Alert
Customer Portal,Tier 1,2025-04-08 18:06:35,2025-04-11 05:06:35,Closed,P3,Service Desk,4,0,0,PRB1003,Phone
Mobile App,Tier 2,2025-04-24 21:19:10,2025-04-25 11:19:10,Closed,P3,Network Sec,2,0,0,PRB1027,Alert
Customer Portal,Tier 1,2026-02-08 17:59:57,2026-02-12 18:59:57,Closed,P3,DBA Core,2,0,0,PRB1040,Alert
Reporting Engine,Tier 3,2025-06-16 20:48:58,2025-06-17 03:48:58,Closed,P4,Platform Eng,1,0,0,PRB1010,Alert
Payment Gateway,Tier 1,2025-12-15 04:39:21,2025-12-15 05:39:21,Closed,P3,Integration Ops,2,0,1,PRB1064,Alert
Mobile App,Tier 2,2026-02-04 22:34:47,2026-02-05 14:34:47,Closed,P4,Network Sec,3,1,0,,Alert
Reporting Engine,Tier 3,2025-03-31 17:50:51,2025-04-01 10:50:51,Closed,P4,Platform Eng,1,0,0,PRB1010,Alert
Customer Portal,Tier 1,2026-03-08 11:24:45,2026-03-11 05:24:45,Closed,P3,Service Desk,2,0,0,PRB1002,Phone
Payment Gateway,Tier 1,2025-04-09 03:06:06,2025-04-09 09:06:06,Closed,P3,Integration Ops,1,0,0,,Alert
Customer Portal,Tier 1,2025-08-09 02:07:06,2025-08-10 11:07:06,Closed,P4,Service Desk,2,0,0,PRB1068,Phone
Mobile App,Tier 2,2025-05-08 23:49:18,2025-05-09 23:49:18,Closed,P3,Network Sec,3,1,0,PRB1034,Alert
Reporting Engine,Tier 3,2025-05-23 15:41:11,2025-05-24 03:41:11,Closed,P4,Platform Eng,1,0,0,,Alert
Mobile App,Tier 2,2025-10-31 17:24:47,2025-11-02 15:24:47,Closed,P3,Network Sec,3,0,0,PRB1027,Alert
Mobile App,Tier 2,2025-12-25 01:11:48,2025-12-25 16:11:48,Closed,P3,Network Sec,3,0,0,PRB1018,Alert
Customer Portal,Tier 1,2025-05-26 17:07:29,2025-05-27 21:07:29,Closed,P4,DBA Core,5,0,0,PRB1098,Alert
Payment Gateway,Tier 1,2025-09-25 16:46:47,2025-09-25 18:46:47,Closed,P3,Integration Ops,2,0,1,PRB1064,Alert
Customer Portal,Tier 1,2026-02-23 19:46:58,2026-02-28 04:46:58,Closed,P4,Service Desk,4,0,0,PRB1030,Phone
Reporting Engine,Tier 3,2025-06-06 10:23:57,2025-06-06 20:23:57,Closed,P4,Platform Eng,1,0,0,PRB1005,Alert
Customer Portal,Tier 1,2025-09-03 04:30:27,2025-09-06 05:30:27,Closed,P3,Web Team,2,0,0,PRB1011,Self Service
Mobile App,Tier 2,2025-10-15 01:18:44,2025-10-16 03:18:44,Closed,P4,Network Sec,2,0,0,PRB1043,Alert
Customer Portal,Tier 1,2025-07-09 12:44:51,2025-07-10 16:44:51,Closed,P4,DBA Core,3,1,0,PRB1016,Alert
Customer Portal,Tier 1,2025-12-26 06:35:43,2025-12-28 02:35:43,Closed,P3,Service Desk,2,0,0,PRB1071,Phone
Customer Portal,Tier 1,2025-12-15 14:27:33,2025-12-19 03:27:33,Closed,P5,Service Desk,4,0,0,,Phone
Customer Portal,Tier 1,2025-04-25 07:47:28,2025-04-26 13:47:28,Closed,P5,Service Desk,6,0,0,PRB1030,Phone
Customer Portal,Tier 1,2025-11-28 13:13:07,2025-11-30 22:13:07,Closed,P5,Web Team,6,0,0,PRB1093,Email
Customer Portal,Tier 1,2025-04-07 04:01:19,2025-04-08 23:01:19,Closed,P3,Service Desk,5,0,0,PRB1088,Phone
Customer Portal,Tier 1,2025-06-05 08:56:29,2025-06-06 11:56:29,Closed,P4,Web Team,6,0,0,PRB1020,Self Service
Customer Portal,Tier 1,2025-09-15 21:31:13,2025-09-18 23:31:13,Closed,P3,Service Desk,5,0,0,PRB1060,Phone
Customer Portal,Tier 1,2025-08-07 11:04:23,2025-08-10 11:04:23,Closed,P4,Service Desk,6,0,0,PRB1068,Phone
Customer Portal,Tier 1,2025-04-09 22:31:14,2025-04-13 22:31:14,Closed,P3,Web Team,5,0,0,PRB1045,Email
Customer Portal,Tier 1,2026-01-04 18:41:21,2026-01-07 22:41:21,Closed,P4,Service Desk,2,0,0,PRB1093,Phone
Payment Gateway,Tier 1,2025-10-25 10:05:02,2025-10-25 18:05:02,Closed,P2,Integration Ops,1,0,0,PRB1047,Alert
Reporting Engine,Tier 3,2026-03-02 14:29:36,2026-03-03 04:29:36,Closed,P4,Platform Eng,1,0,0,PRB1008,Alert
Inventory System,Tier 3,2025-05-23 03:20:55,2025-05-23 19:20:55,Closed,P4,Platform Eng,0,0,0,PRB1021,Alert
Inventory System,Tier 3,2025-04-02 13:46:05,2025-04-02 19:46:05,Closed,P4,Platform Eng,0,0,0,PRB1031,Alert
Customer Portal,Tier 1,2026-02-03 22:27:04,2026-02-05 16:27:04,Closed,P5,Web Team,3,0,0,,Self Service
Payment Gateway,Tier 1,2025-08-14 17:20:46,2025-08-14 19:20:46,Closed,P1,Integration Ops,2,0,0,PRB1014,Alert
Payment Gateway,Tier 1,2026-01-16 11:10:59,2026-01-16 12:10:59,Closed,P2,Integration Ops,1,0,1,,Alert
Mobile App,Tier 2,2025-10-23 01:02:17,2025-10-23 14:02:17,Closed,P3,Network Sec,2,1,0,PRB1018,Alert
Payment Gateway,Tier 1,2026-01-16 03:40:48,2026-01-16 05:40:48,Closed,P2,Integration Ops,0,0,0,PRB1064,Alert
Customer Portal,Tier 1,2025-10-25 03:38:34,2025-10-28 17:38:34,Closed,P4,Web Team,5,0,0,,Email
Payment Gateway,Tier 1,2025-04-01 01:28:45,2025-04-01 08:28:45,Closed,P1,Integration Ops,1,0,1,PRB1064,Alert
Customer Portal,Tier 1,2026-02-28 08:56:17,2026-03-02 18:56:17,Closed,P4,DBA Core,3,1,0,PRB1084,Alert
Customer Portal,Tier 1,2025-12-07 23:17:00,2025-12-12 16:17:00,Closed,P4,Web Team,4,0,0,PRB1088,Self Service
Customer Portal,Tier 1,2025-06-29 15:10:34,2025-07-02 08:10:34,Closed,P4,Service Desk,4,0,0,PRB1082,Phone
Mobile App,Tier 2,2025-12-29 18:06:21,2025-12-31 00:06:21,Closed,P3,Network Sec,1,0,0,PRB1025,Alert
Customer Portal,Tier 1,2025-07-15 19:52:38,2025-07-17 03:52:38,Closed,P4,Web Team,2,0,0,PRB1030,Email
Mobile App,Tier 2,2025-05-30 20:41:07,2025-05-31 11:41:07,Closed,P3,Network Sec,3,0,0,PRB1001,Alert
Inventory System,Tier 3,2025-09-10 06:24:35,2025-09-10 09:24:35,Closed,P4,Platform Eng,0,0,0,PRB1031,Alert
Customer Portal,Tier 1,2025-08-18 03:46:12,2025-08-21 19:46:12,Closed,P4,Service Desk,4,0,0,PRB1083,Phone
Payment Gateway,Tier 1,2025-05-24 23:11:59,2025-05-25 07:11:59,Closed,P1,Integration Ops,0,0,1,PRB1052,Alert
Reporting Engine,Tier 3,2026-02-05 07:29:56,2026-02-05 14:29:56,Closed,P4,Platform Eng,1,0,0,PRB1056,Alert
Inventory System,Tier 3,2025-04-05 06:46:52,2025-04-05 20:46:52,Closed,P4,Platform Eng,1,0,0,PRB1007,Alert
Customer Portal,Tier 1,2025-11-25 01:14:02,2025-11-27 11:14:02,Closed,P4,Service Desk,3,0,0,PRB1039,Phone
Customer Portal,Tier 1,2025-05-23 06:20:49,2025-05-27 16:20:49,Closed,P3,DBA Core,2,0,0,PRB1024,Alert
Payment Gateway,Tier 1,2025-08-28 14:09:56,2025-08-28 19:09:56,Closed,P1,Integration Ops,1,0,0,PRB1032,Alert
Reporting Engine,Tier 3,2025-09-14 05:56:26,2025-09-14 13:56:26,Closed,P4,Platform Eng,1,0,0,PRB1051,Alert
Customer Portal,Tier 1,2025-11-29 05:36:00,2025-12-02 22:36:00,Closed,P4,DBA Core,5,0,0,PRB1002,Alert
Reporting Engine,Tier 3,2025-04-27 23:36:26,2025-04-28 22:36:26,Closed,P4,Platform Eng,1,0,0,PRB1051,Alert
Customer Portal,Tier 1,2025-12-18 03:52:27,2025-12-22 14:52:27,Closed,P4,Web Team,4,0,0,PRB1044,Self Service
Reporting Engine,Tier 3,2026-01-08 06:44:18,2026-01-09 00:44:18,Closed,P4,Platform Eng,0,0,0,PRB1010,Alert
Customer Portal,Tier 1,2025-03-26 21:15:37,2025-03-31 17:15:37,Closed,P3,DBA Core,5,0,0,PRB1024,Alert
Mobile App,Tier 2,2025-12-28 02:50:27,2025-12-29 06:50:27,Closed,P4,Network Sec,2,0,0,PRB1043,Alert
Customer Portal,Tier 1,2025-10-10 15:09:37,2025-10-15 06:09:37,Closed,P4,DBA Core,3,0,0,PRB1040,Alert
Payment Gateway,Tier 1,2026-02-06 11:19:13,2026-02-06 14:19:13,Closed,P2,Integration Ops,2,0,1,PRB1032,Alert
Mobile App,Tier 2,2025-12-23 15:13:45,2025-12-24 11:13:45,Closed,P3,Network Sec,2,1,0,PRB1018,Alert
Mobile App,Tier 2,2025-11-26 03:46:22,2025-11-27 04:46:22,Closed,P4,Network Sec,1,0,0,PRB1096,Alert
Customer Portal,Tier 1,2025-06-26 04:35:17,2025-06-29 03:35:17,Closed,P4,DBA Core,4,0,0,PRB1065,Alert
Payment Gateway,Tier 1,2025-09-16 09:24:23,2025-09-16 11:24:23,Closed,P2,Integration Ops,0,0,1,PRB1091,Alert
Inventory System,Tier 3,2025-08-24 10:26:19,2025-08-24 21:26:19,Closed,P4,Platform Eng,1,0,0,,Alert
Customer Portal,Tier 1,2025-05-11 14:56:45,2025-05-15 00:56:45,Closed,P4,Service Desk,3,0,0,PRB1098,Phone
Customer Portal,Tier 1,2025-11-18 09:57:32,2025-11-21 01:57:32,Closed,P4,Service Desk,5,0,0,PRB1035,Phone
Customer Portal,Tier 1,2026-01-15 22:41:45,2026-01-19 12:41:45,Closed,P4,Service Desk,3,0,0,PRB1030,Phone
Mobile App,Tier 2,2025-08-30 14:48:25,2025-08-31 19:48:25,Closed,P2,Network Sec,3,0,0,PRB1046,Alert
Reporting Engine,Tier 3,2025-06-02 10:40:31,2025-06-03 05:40:31,Closed,P4,Platform Eng,0,0,0,PRB1005,Alert
Mobile App,Tier 2,2025-03-23 22:59:25,2025-03-24 14:59:25,Closed,P4,Network Sec,2,0,0,PRB1054,Alert
Mobile App,Tier 2,2025-07-16 04:54:38,2025-07-17 06:54:38,Closed,P3,Network Sec,1,0,0,PRB1096,Alert
Customer Portal,Tier 1,2025-07-07 22:42:41,2025-07-10 12:42:41,Closed,P4,DBA Core,4,1,0,PRB1006,Alert
Customer Portal,Tier 1,2026-03-02 01:30:20,2026-03-04 20:30:20,Closed,P4,DBA Core,4,0,0,PRB1024,Alert
Customer Portal,Tier 1,2025-05-06 22:55:35,2025-05-11 19:55:35,Closed,P4,Service Desk,5,1,0,PRB1040,Phone
Customer Portal,Tier 1,2025-08-09 17:02:48,2025-08-10 21:02:48,Closed,P3,DBA Core,3,1,0,,Alert
Reporting Engine,Tier 3,2025-11-29 02:00:24,2025-11-29 05:00:24,Closed,P4,Platform Eng,0,0,0,PRB1080,Alert
Customer Portal,Tier 1,2025-10-15 13:02:29,2025-10-17 04:02:29,Closed,P4,Service Desk,2,0,0,PRB1071,Phone
Customer Portal,Tier 1,2025-10-05 01:38:00,2025-10-09 13:38:00,Closed,P4,Service Desk,2,0,0,PRB1020,Phone
Customer Portal,Tier 1,2025-12-21 03:23:12,2025-12-24 20:23:12,Closed,P4,Service Desk,5,0,0,PRB1020,Phone
Payment Gateway,Tier 1,2026-01-13 03:06:09,2026-01-13 07:06:09,Closed,P1,Integration Ops,0,0,1,PRB1064,Alert
Customer Portal,Tier 1,2025-04-01 07:17:16,2025-04-03 03:17:16,Closed,P4,Service Desk,4,0,0,PRB1058,Phone
Payment Gateway,Tier 1,2025-03-18 01:31:12,2025-03-18 05:31:12,Closed,P3,Integration Ops,2,0,0,PRB1036,Alert
Customer Portal,Tier 1,2026-01-13 17:42:39,2026-01-15 04:42:39,Closed,P3,Service Desk,6,0,0,PRB1029,Phone
Payment Gateway,Tier 1,2025-09-10 09:13:48,2025-09-10 13:13:48,Closed,P2,Integration Ops,0,0,0,PRB1073,Alert
Reporting Engine,Tier 3,2025-04-24 18:17:11,2025-04-24 21:17:11,Closed,P4,Platform Eng,1,0,0,PRB1069,Alert
Mobile App,Tier 2,2025-08-29 10:33:47,2025-08-30 10:33:47,Closed,P4,Network Sec,2,0,0,PRB1077,Alert
Mobile App,Tier 2,2025-11-23 08:19:42,2025-11-25 06:19:42,Closed,P2,Network Sec,1,1,0,PRB1018,Alert
Customer Portal,Tier 1,2026-01-27 12:01:03,2026-01-30 11:01:03,Closed,P4,Web Team,6,0,0,PRB1017,Email
Customer Portal,Tier 1,2026-02-10 08:50:01,2026-02-15 00:50:01,Closed,P3,Web Team,5,0,0,PRB1071,Self Service
Customer Portal,Tier 1,2025-04-26 06:40:34,2025-04-28 02:40:34,Closed,P4,Service Desk,2,1,0,PRB1011,Phone
Customer Portal,Tier 1,2025-11-09 10:16:24,2025-11-12 07:16:24,Closed,P4,DBA Core,5,1,0,PRB1071,Alert
Customer Portal,Tier 1,2026-02-24 16:58:30,2026-02-26 06:58:30,Closed,P4,DBA Core,3,0,0,PRB1088,Alert
Customer Portal,Tier 1,2025-10-26 22:45:29,2025-10-31 21:45:29,Closed,P3,Web Team,4,1,0,PRB1092,Self Service
Mobile App,Tier 2,2025-12-09 06:52:37,2025-12-10 19:52:37,Closed,P3,Network Sec,3,0,0,PRB1054,Alert
Mobile App,Tier 2,2025-11-29 18:13:53,2025-11-30 20:13:53,Closed,P2,Network Sec,3,0,0,PRB1049,Alert
Mobile App,Tier 2,2025-03-21 12:32:16,2025-03-21 19:32:16,Closed,P3,Network Sec,3,0,0,PRB1063,Alert
Payment Gateway,Tier 1,2025-04-15 01:47:40,2025-04-15 04:47:40,Closed,P1,Integration Ops,1,0,0,PRB1091,Alert
Mobile App,Tier 2,2025-06-11 11:46:30,2025-06-12 23:46:30,Closed,P3,Network Sec,2,0,0,PRB1009,Alert
Payment Gateway,Tier 1,2025-04-20 04:24:16,2025-04-20 12:24:16,Closed,P1,Integration Ops,0,0,1,PRB1052,Alert
Reporting Engine,Tier 3,2025-12-31 10:07:50,2026-01-01 03:07:50,Closed,P4,Platform Eng,1,0,0,PRB1008,Alert
Mobile App,Tier 2,2026-01-31 18:01:39,2026-01-31 22:01:39,Closed,P2,Network Sec,2,1,0,PRB1055,Alert
Customer Portal,Tier 1,2025-11-26 05:16:36,2025-11-28 07:16:36,Closed,P4,DBA Core,4,0,0,PRB1097,Alert
Mobile App,Tier 2,2026-02-07 21:36:32,2026-02-08 15:36:32,Closed,P4,Network Sec,2,0,0,PRB1094,Alert
Customer Portal,Tier 1,2025-09-08 17:54:29,2025-09-13 12:54:29,Closed,P4,DBA Core,6,0,0,PRB1068,Alert
Customer Portal,Tier 1,2025-10-15 16:50:46,2025-10-18 05:50:46,Closed,P4,Service Desk,2,0,0,,Phone
Payment Gateway,Tier 1,2026-01-30 04:05:29,2026-01-30 07:05:29,Closed,P2,Integration Ops,0,0,0,PRB1052,Alert
Mobile App,Tier 2,2025-05-02 21:25:56,2025-05-03 13:25:56,Closed,P4,Network Sec,1,0,0,PRB1025,Alert
Reporting Engine,Tier 3,2025-12-20 08:56:51,2025-12-20 16:56:51,Closed,P4,Platform Eng,0,0,0,PRB1069,Alert
Customer Portal,Tier 1,2025-11-27 17:15:40,2025-12-01 03:15:40,Closed,P4,Service Desk,6,1,0,PRB1082,Phone
Payment Gateway,Tier 1,2025-10-17 20:26:35,2025-10-17 21:26:35,Closed,P2,Integration Ops,1,0,1,PRB1079,Alert
Reporting Engine,Tier 3,2025-05-23 10:32:16,2025-05-24 06:32:16,Closed,P4,Platform Eng,0,0,0,,Alert
Mobile App,Tier 2,2025-09-28 18:38:48,2025-09-29 18:38:48,Closed,P2,Network Sec,2,0,0,PRB1063,Alert
Reporting Engine,Tier 3,2025-07-28 03:40:32,2025-07-28 17:40:32,Closed,P4,Platform Eng,0,0,0,PRB1051,Alert
Reporting Engine,Tier 3,2025-11-05 23:56:05,2025-11-06 14:56:05,Closed,P4,Platform Eng,0,0,0,PRB1010,Alert
Mobile App,Tier 2,2025-12-18 11:08:59,2025-12-19 11:08:59,Closed,P4,Network Sec,2,0,0,PRB1055,Alert
Mobile App,Tier 2,2025-12-08 15:40:52,2025-12-09 13:40:52,Closed,P3,Network Sec,1,0,0,PRB1063,Alert
Customer Portal,Tier 1,2025-12-17 20:58:02,2025-12-20 13:58:02,Closed,P4,DBA Core,3,0,0,,Alert
Customer Portal,Tier 1,2026-01-01 10:38:30,2026-01-06 00:38:30,Closed,P4,Web Team,6,0,0,PRB1075,Email
Reporting Engine,Tier 3,2025-10-06 00:11:47,2025-10-06 02:11:47,Closed,P4,Platform Eng,1,0,0,,Alert
Customer Portal,Tier 1,2025-12-07 09:39:34,2025-12-09 21:39:34,Closed,P4,Service Desk,2,1,0,PRB1030,Phone
Customer Portal,Tier 1,2025-08-03 07:09:45,2025-08-04 11:09:45,Closed,P4,DBA Core,4,1,0,PRB1093,Alert
Mobile App,Tier 2,2025-12-30 07:47:17,2025-12-31 01:47:17,Closed,P2,Network Sec,3,0,0,PRB1095,Alert
Payment Gateway,Tier 1,2025-12-11 02:37:56,2025-12-11 07:37:56,Closed,P1,Integration Ops,2,0,0,PRB1086,Alert
Mobile App,Tier 2,2025-07-16 10:08:46,2025-07-18 09:08:46,Closed,P4,Network Sec,2,0,0,PRB1089,Alert
Inventory System,Tier 3,2025-11-13 00:03:15,2025-11-13 08:03:15,Closed,P4,Platform Eng,0,0,0,PRB1050,Alert
Reporting Engine,Tier 3,2025-12-17 13:26:34,2025-12-18 13:26:34,Closed,P4,Platform Eng,0,0,0,,Alert
Payment Gateway,Tier 1,2025-07-09 05:56:06,2025-07-09 09:56:06,Closed,P2,Integration Ops,2,0,0,PRB1026,Alert
Customer Portal,Tier 1,2025-08-10 11:44:32,2025-08-12 02:44:32,Closed,P5,Service Desk,3,0,0,PRB1090,Phone
Customer Portal,Tier 1,2025-07-23 09:04:06,2025-07-24 09:04:06,Closed,P3,Web Team,3,1,0,PRB1044,Self Service
Customer Portal,Tier 1,2026-01-11 11:02:33,2026-01-12 17:02:33,Closed,P5,Service Desk,3,0,0,PRB1100,Phone
Reporting Engine,Tier 3,2025-10-16 15:51:52,2025-10-17 11:51:52,Closed,P4,Platform Eng,1,0,0,,Alert
Customer Portal,Tier 1,2025-04-12 11:27:02,2025-04-16 05:27:02,Closed,P4,Web Team,6,1,0,PRB1035,Email
Mobile App,Tier 2,2025-06-10 21:42:55,2025-06-11 23:42:55,Closed,P2,Network Sec,3,0,0,PRB1012,Alert
Reporting Engine,Tier 3,2025-06-09 20:03:27,2025-06-10 07:03:27,Closed,P4,Platform Eng,1,0,0,PRB1056,Alert
Reporting Engine,Tier 3,2025-07-29 09:01:18,2025-07-30 08:01:18,Closed,P4,Platform Eng,0,0,0,PRB1008,Alert
Customer Portal,Tier 1,2026-02-23 22:57:03,2026-02-28 13:57:03,Closed,P5,DBA Core,6,1,0,PRB1006,Alert
Customer Portal,Tier 1,2026-03-05 22:15:59,2026-03-07 01:15:59,Closed,P5,Service Desk,5,0,0,PRB1058,Phone
Payment Gateway,Tier 1,2025-04-03 00:43:37,2025-04-03 08:43:37,Closed,P2,Integration Ops,2,0,0,PRB1052,Alert
Customer Portal,Tier 1,2026-01-11 07:51:03,2026-01-13 04:51:03,Closed,P4,Web Team,6,1,0,PRB1020,Self Service
Payment Gateway,Tier 1,2026-02-15 21:55:34,2026-02-16 01:55:34,Closed,P1,Integration Ops,0,0,1,PRB1073,Alert
Mobile App,Tier 2,2025-11-23 02:23:12,2025-11-24 09:23:12,Closed,P4,Network Sec,1,0,0,PRB1081,Alert
Mobile App,Tier 2,2025-03-31 17:07:33,2025-04-01 18:07:33,Closed,P2,Network Sec,3,0,0,PRB1048,Alert
Customer Portal,Tier 1,2025-08-22 07:24:46,2025-08-24 16:24:46,Closed,P3,Web Team,6,1,0,PRB1040,Email
Customer Portal,Tier 1,2025-03-19 06:58:55,2025-03-23 02:58:55,Closed,P4,Web Team,4,1,0,PRB1023,Self Service
Payment Gateway,Tier 1,2025-08-02 22:00:24,2025-08-03 00:00:24,Closed,P2,Integration Ops,2,0,1,PRB1079,Alert
Inventory System,Tier 3,2025-11-07 13:36:12,2025-11-08 00:36:12,Closed,P4,Platform Eng,1,0,0,,Alert
Customer Portal,Tier 1,2025-05-16 17:02:25,2025-05-20 05:02:25,Closed,P4,Web Team,5,0,0,PRB1003,Email
Payment Gateway,Tier 1,2025-11-18 05:44:02,2025-11-18 10:44:02,Closed,P1,Integration Ops,1,0,0,PRB1091,Alert
Customer Portal,Tier 1,2026-02-19 17:25:07,2026-02-23 15:25:07,Closed,P4,DBA Core,4,0,0,PRB1002,Alert
Payment Gateway,Tier 1,2025-07-13 07:55:38,2025-07-13 09:55:38,Closed,P1,Integration Ops,0,0,1,PRB1047,Alert
Customer Portal,Tier 1,2025-05-11 07:46:40,2025-05-15 00:46:40,Closed,P4,DBA Core,4,1,0,,Alert
Customer Portal,Tier 1,2026-02-10 15:30:31,2026-02-11 21:30:31,Closed,P3,Web Team,3,1,0,PRB1098,Self Service
Mobile App,Tier 2,2025-07-07 21:04:45,2025-07-08 05:04:45,Closed,P4,Network Sec,3,0,0,PRB1055,Alert
Mobile App,Tier 2,2025-08-02 16:46:14,2025-08-03 17:46:14,Closed,P3,Network Sec,1,0,0,PRB1049,Alert
Customer Portal,Tier 1,2025-09-21 16:33:17,2025-09-24 08:33:17,Closed,P4,Service Desk,4,0,0,PRB1038,Phone
Customer Portal,Tier 1,2026-01-24 16:18:26,2026-01-27 14:18:26,Closed,P4,Web Team,6,1,0,PRB1098,Email
Customer Portal,Tier 1,2025-12-29 07:35:12,2026-01-03 02:35:12,Closed,P4,Service Desk,4,1,0,PRB1040,Phone
Payment Gateway,Tier 1,2026-02-20 22:29:20,2026-02-21 04:29:20,Closed,P1,Integration Ops,1,0,1,PRB1079,Alert
Customer Portal,Tier 1,2025-11-07 14:10:46,2025-11-12 00:10:46,Closed,P4,Web Team,5,0,0,PRB1035,Self Service
Customer Portal,Tier 1,2025-12-24 12:05:45,2025-12-25 21:05:45,Closed,P3,Service Desk,6,1,0,,Phone
Customer Portal,Tier 1,2026-01-09 17:27:57,2026-01-12 20:27:57,Closed,P3,DBA Core,2,0,0,PRB1099,Alert
Payment Gateway,Tier 1,2025-11-25 22:51:56,2025-11-26 06:51:56,Closed,P3,Integration Ops,2,0,1,,Alert
Mobile App,Tier 2,2025-05-07 23:51:49,2025-05-08 21:51:49,Closed,P3,Network Sec,1,0,0,PRB1057,Alert
Customer Portal,Tier 1,2025-12-07 16:50:55,2025-12-11 22:50:55,Closed,P4,Web Team,4,0,0,PRB1041,Email
Customer Portal,Tier 1,2026-02-18 17:26:52,2026-02-23 05:26:52,Closed,P4,Web Team,3,1,0,PRB1098,Self Service
Reporting Engine,Tier 3,2026-01-06 17:26:13,2026-01-07 02:26:13,Closed,P4,Platform Eng,1,0,0,PRB1005,Alert
Customer Portal,Tier 1,2026-03-04 12:37:13,2026-03-08 06:37:13,Closed,P3,Web Team,3,1,0,PRB1039,Self Service
Mobile App,Tier 2,2025-07-20 20:33:42,2025-07-22 17:33:42,Closed,P3,Network Sec,2,0,0,PRB1009,Alert
Customer Portal,Tier 1,2025-10-14 09:42:37,2025-10-18 11:42:37,Closed,P5,DBA Core,4,0,0,PRB1044,Alert
Payment Gateway,Tier 1,2025-10-03 15:38:50,2025-10-03 17:38:50,Closed,P1,Integration Ops,1,0,1,PRB1073,Alert
Customer Portal,Tier 1,2026-01-18 20:06:10,2026-01-22 10:06:10,Closed,P5,Service Desk,6,0,0,PRB1067,Phone
Customer Portal,Tier 1,2025-10-02 19:52:20,2025-10-04 04:52:20,Closed,P4,DBA Core,3,0,0,PRB1040,Alert
Payment Gateway,Tier 1,2025-11-28 17:59:18,2025-11-28 19:59:18,Closed,P1,Integration Ops,0,0,1,PRB1064,Alert
Customer Portal,Tier 1,2025-06-06 19:54:11,2025-06-10 08:54:11,Closed,P4,DBA Core,2,0,0,PRB1084,Alert
Payment Gateway,Tier 1,2025-10-25 17:16:54,2025-10-25 20:16:54,Closed,P2,Integration Ops,1,0,1,PRB1004,Alert
Payment Gateway,Tier 1,2025-04-07 17:08:15,2025-04-07 20:08:15,Closed,P1,Integration Ops,2,0,1,PRB1064,Alert
Customer Portal,Tier 1,2025-03-24 05:33:04,2025-03-28 14:33:04,Closed,P5,DBA Core,5,0,0,PRB1098,Alert
Reporting Engine,Tier 3,2025-11-07 13:13:51,2025-11-08 05:13:51,Closed,P4,Platform Eng,0,0,0,PRB1015,Alert
Reporting Engine,Tier 3,2025-11-05 08:13:21,2025-11-05 23:13:21,Closed,P4,Platform Eng,0,0,0,PRB1015,Alert
Customer Portal,Tier 1,2025-12-23 05:54:36,2025-12-25 02:54:36,Closed,P4,Service Desk,6,0,0,PRB1044,Phone
Mobile App,Tier 2,2025-08-13 16:45:54,2025-08-14 20:45:54,Closed,P4,Network Sec,3,0,0,PRB1027,Alert
Customer Portal,Tier 1,2025-04-23 09:34:04,2025-04-27 14:34:04,Closed,P3,DBA Core,6,0,0,PRB1029,Alert
Customer Portal,Tier 1,2026-01-03 04:43:09,2026-01-06 20:43:09,Closed,P5,DBA Core,2,0,0,PRB1093,Alert
Customer Portal,Tier 1,2025-11-24 03:16:42,2025-11-28 17:16:42,Closed,P4,Service Desk,6,0,0,PRB1002,Phone
Customer Portal,Tier 1,2025-07-31 03:03:46,2025-08-03 03:03:46,Closed,P4,Service Desk,6,0,0,PRB1084,Phone
Payment Gateway,Tier 1,2025-06-23 20:16:47,2025-06-23 23:16:47,Closed,P2,Integration Ops,2,0,1,PRB1047,Alert
Customer Portal,Tier 1,2025-06-25 02:54:59,2025-06-28 06:54:59,Closed,P3,Service Desk,4,0,0,PRB1093,Phone
Customer Portal,Tier 1,2025-08-09 15:31:54,2025-08-10 15:31:54,Closed,P4,Service Desk,6,0,0,PRB1092,Phone
Mobile App,Tier 2,2025-08-29 11:16:30,2025-08-30 00:16:30,Closed,P3,Network Sec,2,0,0,PRB1013,Alert
Mobile App,Tier 2,2025-07-02 00:24:37,2025-07-03 19:24:37,Closed,P3,Network Sec,3,0,0,PRB1042,Alert
Reporting Engine,Tier 3,2026-01-15 09:26:15,2026-01-16 04:26:15,Closed,P4,Platform Eng,0,0,0,PRB1059,Alert
Payment Gateway,Tier 1,2025-10-27 08:05:56,2025-10-27 13:05:56,Closed,P1,Integration Ops,2,0,1,PRB1032,Alert
Customer Portal,Tier 1,2025-06-14 05:37:25,2025-06-19 04:37:25,Closed,P4,DBA Core,3,0,0,PRB1023,Alert
Customer Portal,Tier 1,2026-01-22 00:29:52,2026-01-24 19:29:52,Closed,P4,Service Desk,2,1,0,PRB1074,Phone
Payment Gateway,Tier 1,2026-01-23 09:15:57,2026-01-23 10:15:57,Closed,P2,Integration Ops,2,0,1,PRB1047,Alert
Customer Portal,Tier 1,2025-08-08 00:26:02,2025-08-10 04:26:02,Closed,P3,DBA Core,5,1,0,PRB1044,Alert
Customer Portal,Tier 1,2025-12-18 08:38:49,2025-12-20 20:38:49,Closed,P3,Web Team,5,0,0,PRB1092,Self Service
Inventory System,Tier 3,2025-09-03 11:30:57,2025-09-04 04:30:57,Closed,P4,Platform Eng,0,0,0,,Alert
Customer Portal,Tier 1,2025-10-03 07:43:53,2025-10-07 00:43:53,Closed,P4,DBA Core,4,1,0,PRB1100,Alert
Mobile App,Tier 2,2025-03-17 02:40:39,2025-03-18 23:40:39,Closed,P3,Network Sec,3,1,0,PRB1027,Alert
